"date","close","volume_btc"
"2023-01-01","16615","473.83273801"
"2023-01-02","16673","1046.7274368"
"2023-01-03","16670","1388.07196613"
"2023-01-04","16849","2038.03012252"
"2023-01-05","16826","1131.61941681"
"2023-01-06","16950","1738.57975267"
"2023-01-07","16945","523.75442441"
"2023-01-08","17119","816.57209307"
"2023-01-09","17179","2213.34824624"
"2023-01-10","17446","1354.43514717"
"2023-01-11","17930","1904.45231601"
"2023-01-12","18853","5124.55845338"
"2023-01-13","19931","3765.2742592"
"2023-01-14","20960","6843.48563958"
"2023-01-15","20885","1352.72025796"
"2023-01-16","21189","3236.95717404"
"2023-01-17","21134","2302.39736137"
"2023-01-18","20670","3794.75671744"
"2023-01-19","21086","2391.67069084"
"2023-01-20","22678","2937.14734339"
"2023-01-21","22783","3013.23007247"
"2023-01-22","22717","1548.97073883"
"2023-01-23","22922","1699.036477"
"2023-01-24","22637","1953.73212508"
"2023-01-25","23054","2582.12043347"
"2023-01-26","23010","1472.74474346"
"2023-01-27","23083","2086.70647505"
"2023-01-28","23033","834.3522255"
"2023-01-29","23746","1620.98279529"
"2023-01-30","22831","2081.82272658"
"2023-01-31","23127","1557.98459142"
"2023-02-01","23735","2468.52240577"
"2023-02-02","23498","2609.58252721"
"2023-02-03","23434","1742.07112849"
"2023-02-04","23330","778.73091268"
"2023-02-05","22937","1525.50154971"
"2023-02-06","22763","1731.60284453"
"2023-02-07","23252","2758.47564405"
"2023-02-08","22961","1236.37140064"
"2023-02-09","21802","2260.7850853"
"2023-02-10","21639","1503.99323818"
"2023-02-11","21868","699.37255295"
"2023-02-12","21789","1481.78576998"
"2023-02-13","21790","1923.03740841"
"2023-02-14","22211","2032.44280719"
"2023-02-15","24332","2316.23830307"
"2023-02-16","23521","3634.8002493"
"2023-02-17","24580","3328.63120407"
"2023-02-18","24640","721.18871725"
"2023-02-19","24296","1717.15816149"
"2023-02-20","24843","1828.53775073"
"2023-02-21","24450","2506.05738181"
"2023-02-22","24188","1951.95970979"
"2023-02-23","23939","2000.28221308"
"2023-02-24","23189","2782.78873072"
"2023-02-25","23161","863.37221739"
"2023-02-26","23562","1019.2008877"
"2023-02-27","23493","1768.12573577"
"2023-02-28","23136","1185.70463735"
"2023-03-01","23634","1748.04686969"
"2023-03-02","23466","1090.90317933"
"2023-03-03","22359","2878.02219561"
"2023-03-04","22347","608.34767678"
"2023-03-05","22428","944.66432972"
"2023-03-06","22407","1156.23472957"
"2023-03-07","22200","1837.72234137"
"2023-03-08","21704","1477.18402948"
"2023-03-09","20367","3373.14910671"
"2023-03-10","20220","4695.23685366"
"2023-03-11","20618","3590.95407524"
"2023-03-12","22183","3599.49467653"
"2023-03-13","24209","6738.26574302"
"2023-03-14","24750","7966.02323163"
"2023-03-15","24368","4368.44571382"
"2023-03-16","25050","2430.85019301"
"2023-03-17","27466","5166.28277037"
"2023-03-18","26980","2933.79686267"
"2023-03-19","28054","2615.71251826"
"2023-03-20","27815","3998.09358215"
"2023-03-21","28192","2955.11628597"
"2023-03-22","27320","5024.21040571"
"2023-03-23","28343","3199.6545122"
"2023-03-24","27493","2789.44951461"
"2023-03-25","27499","963.83840741"
"2023-03-26","28004","1100.20331067"
"2023-03-27","27142","2258.96393636"
"2023-03-28","27272","2137.04196923"
"2023-03-29","28353","2161.81292594"
"2023-03-30","28039","2912.7258869"
"2023-03-31","28476","2301.18236248"
"2023-04-01","28469","656.33679146"
"2023-04-02","28186","689.98223995"
"2023-04-03","27816","2393.226229"
"2023-04-04","28178","1294.59736105"
"2023-04-05","28183","1576.30733991"
"2023-04-06","28051","1064.88009436"
"2023-04-07","27931","436.4796401"
"2023-04-08","27969","417.7631391"
"2023-04-09","28340","718.54765779"
"2023-04-10","29652","2711.67320655"
"2023-04-11","30246","2689.4048951"
"2023-04-12","29903","1926.94195052"
"2023-04-13","30410","1503.93427177"
"2023-04-14","30498","2540.14059427"
"2023-04-15","30332","560.64010658"
"2023-04-16","30330","656.81163772"
"2023-04-17","29448","2077.00292863"
"2023-04-18","30395","1827.46761436"
"2023-04-19","28827","3869.09654939"
"2023-04-20","28238","2450.06329929"
"2023-04-21","27254","2455.89969552"
"2023-04-22","27817","1010.44737158"
"2023-04-23","27596","798.04552773"
"2023-04-24","27512","2236.65500868"
"2023-04-25","28300","1874.16625132"
"2023-04-26","28428","5277.187044"
"2023-04-27","29485","3748.60576512"
"2023-04-28","29333","2449.0749774"
"2023-04-29","29247","932.47961185"
"2023-04-30","29235","1415.25506091"
"2023-05-01","28079","2913.86283351"
"2023-05-02","28680","1935.55649138"
"2023-05-03","29033","2838.45231646"
"2023-05-04","28851","1656.27922902"
"2023-05-05","29547","1923.16974421"
"2023-05-06","28911","1443.17174676"
"2023-05-07","28472","1021.45715582"
"2023-05-08","27690","2936.79913382"
"2023-05-09","27650","1573.53076474"
"2023-05-10","27618","2848.942523"
"2023-05-11","26991","2126.87109348"
"2023-05-12","26811","4842.98246111"
"2023-05-13","26789","1269.30464643"
"2023-05-14","26933","1325.63421938"
"2023-05-15","27166","1805.12956433"
"2023-05-16","27037","1730.33763378"
"2023-05-17","27404","2653.36761994"
"2023-05-18","26818","1987.57678586"
"2023-05-19","26893","1277.23274821"
"2023-05-20","27115","603.01939692"
"2023-05-21","26750","654.14743859"
"2023-05-22","26856","1111.87388791"
"2023-05-23","27226","1174.41963411"
"2023-05-24","26325","2214.54386081"
"2023-05-25","26478","1646.8258379"
"2023-05-26","26718","1666.10237235"
"2023-05-27","26872","636.46388614"
"2023-05-28","28072","1665.64922634"
"2023-05-29","27749","1684.67833372"
"2023-05-30","27706","1567.55117507"
"2023-05-31","27219","1863.47625267"
"2023-06-01","26826","2004.35720265"
"2023-06-02","27251","1671.434456"
"2023-06-03","27076","772.42193183"
"2023-06-04","27125","789.8995641"
"2023-06-05","25739","3837.59032264"
"2023-06-06","27236","3965.21160442"
"2023-06-07","26348","2996.80495663"
"2023-06-08","26510","1530.42554212"
"2023-06-09","26484","1059.79847008"
"2023-06-10","25857","3074.54228424"
"2023-06-11","25941","1020.99238041"
"2023-06-12","25906","1761.02544893"
"2023-06-13","25934","1895.96796692"
"2023-06-14","25127","2747.12869314"
"2023-06-15","25573","2880.44240822"
"2023-06-16","26333","2556.84039324"
"2023-06-17","26507","1155.48522656"
"2023-06-18","26340","1005.71439822"
"2023-06-19","26842","1828.96524085"
"2023-06-20","28315","3123.51386312"
"2023-06-21","30009","6043.64316714"
"2023-06-22","29889","3777.43149847"
"2023-06-23","30716","4388.38562374"
"2023-06-24","30548","1211.73495461"
"2023-06-25","30477","1480.27114787"
"2023-06-26","30274","2062.07924358"
"2023-06-27","30696","2087.55806488"
"2023-06-28","30079","1867.54566498"
"2023-06-29","30444","1924.6183445"
"2023-06-30","30469","4944.39013815"
"2023-07-01","30592","603.9348395"
"2023-07-02","30616","1091.40198046"
"2023-07-03","31158","1549.49344257"
"2023-07-04","30771","848.52450967"
"2023-07-05","30501","1179.48935068"
"2023-07-06","29912","3087.63379638"
"2023-07-07","30348","1886.47101822"
"2023-07-08","30293","602.99398251"
"2023-07-09","30167","640.48477925"
"2023-07-10","30421","1899.48550714"
"2023-07-11","30621","1275.01882493"
"2023-07-12","30382","1734.61976884"
"2023-07-13","31471","3038.41085113"
"2023-07-14","30331","2687.88498106"
"2023-07-15","30301","483.23087175"
"2023-07-16","30253","999.67578186"
"2023-07-17","30154","1810.6123199"
"2023-07-18","29868","1637.26704348"
"2023-07-19","29919","1446.88422668"
"2023-07-20","29806","1431.36195596"
"2023-07-21","29908","1197.73385418"
"2023-07-22","29789","630.39179913"
"2023-07-23","30085","766.46726746"
"2023-07-24","29177","2817.83813249"
"2023-07-25","29224","1213.4912944"
"2023-07-26","29354","1517.24148332"
"2023-07-27","29219","1313.64370824"
"2023-07-28","29317","1241.48419113"
"2023-07-29","29360","402.48554375"
"2023-07-30","29279","792.17888595"
"2023-07-31","29231","899.87088387"
"2023-08-01","29696","2302.7701885"
"2023-08-02","29164","1990.07126609"
"2023-08-03","29176","1359.65240342"
"2023-08-04","29077","1430.63487436"
"2023-08-05","29049","339.31235387"
"2023-08-06","29042","494.23722676"
"2023-08-07","29181","1440.49544476"
"2023-08-08","29764","2548.20876694"
"2023-08-09","29565","1342.08176495"
"2023-08-10","29423","1091.25819091"
"2023-08-11","29398","839.58343645"
"2023-08-12","29415","349.63678295"
"2023-08-13","29284","357.15476053"
"2023-08-14","29408","1281.1078171"
"2023-08-15","29172","1081.01044207"
"2023-08-16","28701","1798.07617139"
"2023-08-17","26642","4949.55887437"
"2023-08-18","26051","2639.68823694"
"2023-08-19","26097","1021.34929591"
"2023-08-20","26192","711.93303045"
"2023-08-21","26125","1609.35464365"
"2023-08-22","26042","1785.38604286"
"2023-08-23","26431","2472.52719071"
"2023-08-24","26168","1678.6281579"
"2023-08-25","26048","1924.7079294"
"2023-08-26","26008","249.0430185"
"2023-08-27","26090","399.56936642"
"2023-08-28","26103","1212.34458122"
"2023-08-29","27726","4581.62209762"
"2023-08-30","27300","2084.64468373"
"2023-08-31","25932","2809.73176445"
"2023-09-01","25798","1970.6890186"
"2023-09-02","25870","557.92664336"
"2023-09-03","25970","719.53811642"
"2023-09-04","25819","1083.70424928"
"2023-09-05","25783","1006.67988402"
"2023-09-06","25748","1278.20847185"
"2023-09-07","26245","1647.35197985"
"2023-09-08","25908","1649.47774994"
"2023-09-09","25899","436.09095941"
"2023-09-10","25836","876.91159297"
"2023-09-11","25155","2016.08262659"
"2023-09-12","25844","3217.44248767"
"2023-09-13","26226","1566.27745586"
"2023-09-14","26529","2087.02602594"
"2023-09-15","26607","1388.80900435"
"2023-09-16","26571","609.7138034"
"2023-09-17","26535","522.97891573"
"2023-09-18","26770","2015.8296667"
"2023-09-19","27214","1886.73059609"
"2023-09-20","27128","2264.83849151"
"2023-09-21","26563","1557.05559404"
"2023-09-22","26581","683.49903344"
"2023-09-23","26583","263.32261736"
"2023-09-24","26248","778.78029835"
"2023-09-25","26297","1307.38610948"
"2023-09-26","26208","884.58189615"
"2023-09-27","26361","1845.69530452"
"2023-09-28","27026","2763.60813176"
"2023-09-29","26911","1536.61509999"
"2023-09-30","26966","532.6068557"
"2023-10-01","27995","1264.64540463"
"2023-10-02","27507","2577.97315012"
"2023-10-03","27435","1304.18286171"
"2023-10-04","27790","1275.01105837"
"2023-10-05","27417","1535.57836693"
"2023-10-06","27948","1718.75354746"
"2023-10-07","27971","355.00216419"
"2023-10-08","27933","559.68781341"
"2023-10-09","27594","1186.72451465"
"2023-10-10","27395","1183.58370853"
"2023-10-11","26874","2042.77738655"
"2023-10-12","26756","1099.96996575"
"2023-10-13","26867","1292.1278671"
"2023-10-14","26855","421.71980002"
"2023-10-15","27174","758.25452068"
"2023-10-16","28518","4785.41944077"
"2023-10-17","28408","1864.88114061"
"2023-10-18","28328","1413.07638125"
"2023-10-19","28733","1546.73974905"
"2023-10-20","29688","2771.39284798"
"2023-10-21","29927","918.26190297"
"2023-10-22","30002","921.90910142"
"2023-10-23","33074","5126.76615313"
"2023-10-24","33917","5503.07515361"
"2023-10-25","34498","2514.83797747"
"2023-10-26","34165","2077.76612107"
"2023-10-27","33906","2094.03774293"
"2023-10-28","34091","772.85563761"
"2023-10-29","34538","949.33336318"
"2023-10-30","34495","1843.15676539"
"2023-10-31","34661","1565.28762452"
"2023-11-01","35440","2098.16618447"
"2023-11-02","34937","1636.75756043"
"2023-11-03","34727","1346.42679593"
"2023-11-04","35086","789.13294208"
"2023-11-05","35045","816.1044247"
"2023-11-06","35042","1069.01973133"
"2023-11-07","35414","1785.96420873"
"2023-11-08","35640","1364.35565296"
"2023-11-09","36693","3016.28242591"
"2023-11-10","37319","1622.63844082"
"2023-11-11","37152","808.30673359"
"2023-11-12","37086","549.56241452"
"2023-11-13","36485","1510.51918187"
"2023-11-14","35564","1717.04521008"
"2023-11-15","37877","2493.86082433"
"2023-11-16","36165","2074.97812228"
"2023-11-17","36625","1897.08043126"
"2023-11-18","36590","600.63676547"
"2023-11-19","37426","1248.86330778"
"2023-11-20","37480","2466.92303789"
"2023-11-21","35758","2635.34338929"
"2023-11-22","37424","2070.1723192"
"2023-11-23","37301","1022.40658624"
"2023-11-24","37746","1802.03174883"
"2023-11-25","37809","420.03700069"
"2023-11-26","37460","956.68366321"
"2023-11-27","37240","1461.30815081"
"2023-11-28","37839","2929.17942076"
"2023-11-29","37863","1596.97584281"
"2023-11-30","37719","1238.49574253"
"2023-12-01","38707","1584.74431912"
"2023-12-02","39474","1009.37914772"
"2023-12-03","39989","1030.43113816"
"2023-12-04","41985","2457.14266074"
"2023-12-05","44075","2381.71882149"
"2023-12-06","43764","1590.89524265"
"2023-12-07","43291","1537.57678097"
"2023-12-08","44193","1710.26021181"
"2023-12-09","43712","1039.35957631"
"2023-12-10","43786","872.82567587"
"2023-12-11","41242","4261.48533556"
"2023-12-12","41458","1610.56081406"
"2023-12-13","42888","2644.83644066"
"2023-12-14","43031","2002.07782305"
"2023-12-15","41925","1753.91862839"
"2023-12-16","42246","702.47727547"
"2023-12-17","41345","1244.1407649"
"2023-12-18","42650","2330.26582426"
"2023-12-19","42258","2275.97294212"
"2023-12-20","43665","2554.20268131"
"2023-12-21","43873","1843.00224824"
"2023-12-22","44002","1262.6906742"
"2023-12-23","43733","762.80816546"
"2023-12-24","43033","934.47643082"
"2023-12-25","43591","808.86227682"
"2023-12-26","42510","2476.91150728"
"2023-12-27","43473","2029.37372014"
"2023-12-28","42583","1410.60181535"
"2023-12-29","42072","2740.01043427"
"2023-12-30","42148","931.22212329"
"2023-12-31","42258","1192.72615807"
"2024-01-01","44187","1633.49861779"
"2024-01-02","44970","3948.65907593"
"2024-01-03","42865","3980.8280561"
"2024-01-04","44186","2918.11934919"
"2024-01-05","44184","3155.46638326"
"2024-01-06","43999","980.53899688"
"2024-01-07","43944","1747.44187033"
"2024-01-08","46995","3636.8610002"
"2024-01-09","46124","4033.07482445"
"2024-01-10","46681","4041.55249105"
"2024-01-11","46360","4473.0234105"
"2024-01-12","42778","5206.89076802"
"2024-01-13","42843","1045.15461483"
"2024-01-14","41715","1256.25694151"
"2024-01-15","42493","1455.98525511"
"2024-01-16","43131","2368.79032451"
"2024-01-17","42738","1669.71805706"
"2024-01-18","41283","2233.62523855"
"2024-01-19","41628","2637.87840623"
"2024-01-20","41673","751.43386965"
"2024-01-21","41560","466.94666893"
"2024-01-22","39528","3032.78218553"
"2024-01-23","39868","2741.44335926"
"2024-01-24","40074","2648.46142608"
"2024-01-25","39916","2295.83198262"
"2024-01-26","41818","3525.68226372"
"2024-01-27","42124","788.19903211"
"2024-01-28","42026","1354.31455222"
"2024-01-29","43305","2305.13461431"
"2024-01-30","42946","2291.56721174"
"2024-01-31","42558","3286.47977633"
"2024-02-01","43071","1870.52097244"
"2024-02-02","43183","1896.67516524"
"2024-02-03","42994","759.46228085"
"2024-02-04","42570","774.92253866"
"2024-02-05","42659","2029.09192619"
"2024-02-06","43092","1541.85229531"
"2024-02-07","44346","1666.78621772"
"2024-02-08","45300","3101.76569244"
"2024-02-09","47161","3267.79290468"
"2024-02-10","47770","1059.76317922"
"2024-02-11","48313","950.74155544"
"2024-02-12","49937","2595.07694979"
"2024-02-13","49720","2127.3979635"
"2024-02-14","51844","2470.06233311"
"2024-02-15","51942","2580.54668239"
"2024-02-16","52161","1766.36935764"
"2024-02-17","51664","999.96707794"
"2024-02-18","52130","925.21142925"
"2024-02-19","51789","1123.41042877"
"2024-02-20","52275","2464.04913744"
"2024-02-21","51843","2252.9078781"
"2024-02-22","51253","2025.24575372"
"2024-02-23","50743","1923.68472986"
"2024-02-24","51562","508.41676974"
"2024-02-25","51722","587.08498174"
"2024-02-26","54524","2566.50806379"
"2024-02-27","57068","4197.17042096"
"2024-02-28","62512","5991.00971487"
"2024-02-29","61161","4398.26024998"
"2024-03-01","62444","2116.10682875"
"2024-03-02","62042","856.26122565"
"2024-03-03","63142","1242.8927295"
"2024-03-04","68359","4423.23610151"
"2024-03-05","63796","7391.4541923"
"2024-03-06","66120","4235.32811565"
"2024-03-07","66941","3354.92016734"
"2024-03-08","68285","4423.05734977"
"2024-03-09","68463","856.10732179"
"2024-03-10","69026","1987.10943818"
"2024-03-11","72118","5028.35031787"
"2024-03-12","71473","4051.75855118"
"2024-03-13","73121","3647.59207209"
"2024-03-14","71371","4144.37504552"
"2024-03-15","69516","4952.41009755"
"2024-03-16","65248","2215.16496436"
"2024-03-17","68352","2040.41028069"
"2024-03-18","67613","2891.66816826"
"2024-03-19","61897","5318.12575849"
"2024-03-20","67872","4989.90459203"
"2024-03-21","65485","2935.80449282"
"2024-03-22","63807","2420.55836222"
"2024-03-23","64001","1252.51357681"
"2024-03-24","67188","1391.93505712"
"2024-03-25","69898","3049.19168605"
"2024-03-26","69997","2479.94799343"
"2024-03-27","69421","2306.37023009"
"2024-03-28","70803","2146.14929567"
"2024-03-29","69903","1131.13270761"
"2024-03-30","69613","589.84093164"
"2024-03-31","71285","857.97967024"
"2024-04-01","69699","2032.76552736"
"2024-04-02","65469","3531.6205486"
"2024-04-03","65988","1876.12270366"
"2024-04-04","68538","2332.36734433"
"2024-04-05","67857","2200.99431004"
"2024-04-06","68917","729.56296087"
"2024-04-07","69358","1123.92861936"
"2024-04-08","71613","2247.97574988"
"2024-04-09","69135","2320.07201561"
"2024-04-10","70630","2494.31665671"
"2024-04-11","70015","1976.13409975"
"2024-04-12","67150","2855.3300716"
"2024-04-13","64054","3638.57218138"
"2024-04-14","65749","2675.95110563"
"2024-04-15","63438","2619.50946939"
"2024-04-16","63830","2685.27308755"
"2024-04-17","61278","3227.19219541"
"2024-04-18","63515","2353.15232284"
"2024-04-19","63821","3756.32419865"
"2024-04-20","64990","1178.86192275"
"2024-04-21","64950","871.65106463"
"2024-04-22","66855","2019.58758121"
"2024-04-23","66421","1200.34622413"
"2024-04-24","64259","2072.24874267"
"2024-04-25","64493","1851.69406596"
"2024-04-26","63745","1213.85952947"
"2024-04-27","63429","833.17012398"
"2024-04-28","63098","807.23701868"
"2024-04-29","63832","1496.50152656"
"2024-04-30","60632","2740.34760244"
"2024-05-01","58256","3523.30096206"
"2024-05-02","59099","1700.0955159"
"2024-05-03","62915","2560.04102097"
"2024-05-04","63899","1400.47938778"
"2024-05-05","64021","918.78327523"
"2024-05-06","63164","1643.13715228"
"2024-05-07","62320","1357.12199145"
"2024-05-08","61181","1469.20210523"
"2024-05-09","63075","1386.15467473"
"2024-05-10","60793","2229.56085163"
"2024-05-11","60816","516.41893738"
"2024-05-12","61462","638.44732414"
"2024-05-13","62934","1831.88901336"
"2024-05-14","61543","1560.7659125"
"2024-05-15","66242","3794.61266735"
"2024-05-16","65252","1760.07421083"
"2024-05-17","67053","1703.98497047"
"2024-05-18","66930","526.31056179"
"2024-05-19","66275","535.79306702"
"2024-05-20","71401","2681.31745309"
"2024-05-21","70136","1968.84633605"
"2024-05-22","69118","1537.25078005"
"2024-05-23","67945","2160.78304618"
"2024-05-24","68548","1132.91119417"
"2024-05-25","69275","499.49995762"
"2024-05-26","68489","610.501155"
"2024-05-27","69392","1406.51067265"
"2024-05-28","68327","2285.11775116"
"2024-05-29","67564","1273.08586449"
"2024-05-30","68338","1757.50551322"
"2024-05-31","67477","1880.05905818"
"2024-06-01","67723","368.62403719"
"2024-06-02","67752","544.3606243"
"2024-06-03","68801","2391.37592427"
"2024-06-04","70564","2051.63351034"
"2024-06-05","71119","2051.7699104"
"2024-06-06","70775","1673.76086776"
"2024-06-07","69326","3140.9712716"
"2024-06-08","69306","428.02241418"
"2024-06-09","69640","464.35226548"
"2024-06-10","69501","830.15464417"
"2024-06-11","67306","2436.68224536"
"2024-06-12","68243","2448.03512812"
"2024-06-13","66733","1996.6514887"
"2024-06-14","65996","2391.47091898"
"2024-06-15","66182","659.40470208"
"2024-06-16","66622","738.0346897"
"2024-06-17","66475","2463.1706555"
"2024-06-18","65145","2210.70701056"
"2024-06-19","64946","927.57952823"
"2024-06-20","64845","2185.32362168"
"2024-06-21","64102","1656.40021868"
"2024-06-22","64233","277.84084542"
"2024-06-23","63154","633.14997106"
"2024-06-24","60252","3965.34722322"
"2024-06-25","61789","2662.52829079"
"2024-06-26","60807","1392.69465818"
"2024-06-27","61622","1601.14628175"
"2024-06-28","60315","1742.50478624"
"2024-06-29","60879","580.79352981"
"2024-06-30","62676","969.08894969"
"2024-07-01","62829","1936.67850292"
"2024-07-02","62033","1129.73936644"
"2024-07-03","60142","2033.0635548"
"2024-07-04","57045","2423.25294936"
"2024-07-05","56632","3234.2285631"
"2024-07-06","58251","1203.36563905"
"2024-07-07","55829","1080.88868598"
"2024-07-08","56710","3198.87849576"
"2024-07-09","58033","2404.8954909"
"2024-07-10","57733","1861.63028273"
"2024-07-11","57348","2085.43922834"
"2024-07-12","57889","2139.09979841"
"2024-07-13","59226","1402.77014751"
"2024-07-14","60823","1472.24156208"
"2024-07-15","64769","3739.21959674"
"2024-07-16","65081","3199.09903583"
"2024-07-17","64091","1880.49090986"
"2024-07-18","63964","1526.40752618"
"2024-07-19","66705","3112.2854205"
"2024-07-20","67155","1186.52410101"
"2024-07-21","68158","1881.46231613"
"2024-07-22","67562","2375.20572016"
"2024-07-23","65944","2417.1788543"
"2024-07-24","65376","1796.81531975"
"2024-07-25","65796","2022.67493049"
"2024-07-26","67921","1786.03393977"
"2024-07-27","67892","1875.17940599"
"2024-07-28","68264","861.95803297"
"2024-07-29","66780","2363.69521213"
"2024-07-30","66171","1561.0859685"
"2024-07-31","64612","1629.25774256"
"2024-08-01","65293","2890.60704678"
"2024-08-02","61421","3479.04685468"
"2024-08-03","60672","1821.49896119"
"2024-08-04","58142","2394.63310114"
"2024-08-05","54014","8238.87212141"
"2024-08-06","56053","3769.72498337"
"2024-08-07","55136","3993.76663285"
"2024-08-08","61699","3876.67202263"
"2024-08-09","60860","2241.31073361"
"2024-08-10","60952","1018.51751275"
"2024-08-11","58725","1496.95386612"
"2024-08-12","59362","3412.56068233"
"2024-08-13","60620","2874.93115361"
"2024-08-14","58697","3027.98966223"
"2024-08-15","57557","3240.34341745"
"2024-08-16","58883","2945.17331922"
"2024-08-17","59487","913.41960834"
"2024-08-18","58430","1375.04482657"
"2024-08-19","59497","2045.09787264"
"2024-08-20","59012","2569.3787569"
"2024-08-21","61159","2508.01462281"
"2024-08-22","60383","1929.30627319"
"2024-08-23","64085","3470.07123728"
"2024-08-24","64174","1163.89809817"
"2024-08-25","64262","918.66616491"
"2024-08-26","62852","1460.73492982"
"2024-08-27","59427","2540.60072662"
"2024-08-28","59033","2782.47691366"
"2024-08-29","59365","2511.22388288"
"2024-08-30","59113","2039.74822306"
"2024-08-31","58967","738.75417566"
"2024-09-01","57310","1650.43196007"
"2024-09-02","59133","1642.91265395"
"2024-09-03","57493","1476.9343549"
"2024-09-04","57956","2077.78659826"
"2024-09-05","56158","1485.69244111"
"2024-09-06","53955","2938.3981761"
"2024-09-07","54147","1046.863932"
"2024-09-08","54866","1237.77945151"
"2024-09-09","57059","2644.12002332"
"2024-09-10","57659","1878.56149502"
"2024-09-11","57342","3024.35845323"
"2024-09-12","58139","2392.01885139"
"2024-09-13","60545","2622.28151587"
"2024-09-14","60012","744.81553897"
"2024-09-15","59130","1377.74210648"
"2024-09-16","58212","1692.12077561"
"2024-09-17","60316","2677.19875968"
"2024-09-18","61757","3237.8308454"
"2024-09-19","62940","3050.81602877"
"2024-09-20","63211","1646.72507369"
"2024-09-21","63364","578.82075001"
"2024-09-22","63563","932.57108331"
"2024-09-23","63325","1113.07851811"
"2024-09-24","64260","1621.50232416"
"2024-09-25","63147","1172.76426267"
"2024-09-26","65175","1758.77420578"
"2024-09-27","65781","1261.81543351"
"2024-09-28","65876","557.50374744"
"2024-09-29","65601","487.19186994"
"2024-09-30","63302","1759.70729545"
"2024-10-01","60807","2797.97709897"
"2024-10-02","60634","2437.72512955"
"2024-10-03","60745","1412.60368684"
"2024-10-04","62081","1394.47802907"
"2024-10-05","62063","449.65424183"
"2024-10-06","62814","846.73208591"
"2024-10-07","62212","1815.26837202"
"2024-10-08","62133","1116.30278349"
"2024-10-09","60582","1354.90943313"
"2024-10-10","60278","1799.48728956"
"2024-10-11","62452","1582.70508322"
"2024-10-12","63194","685.69286582"
"2024-10-13","62849","653.16610878"
"2024-10-14","66070","2390.38938585"
"2024-10-15","67061","2488.99178965"
"2024-10-16","67622","1716.95969807"
"2024-10-17","67392","1298.22146294"
"2024-10-18","68420","1434.33126968"
"2024-10-19","68359","414.91156597"
"2024-10-20","69011","606.10309373"
"2024-10-21","67340","1752.72054327"
"2024-10-22","67382","1626.8596456"
"2024-10-23","66601","1927.84170953"
"2024-10-24","68155","2140.08818467"
"2024-10-25","66578","2730.81362994"
"2024-10-26","67003","489.32578253"
"2024-10-27","67938","739.97895752"
"2024-10-28","69918","2063.86332457"
"2024-10-29","72729","3975.6902031"
"2024-10-30","72331","2263.68354591"
"2024-10-31","70231","1776.40915493"
"2024-11-01","69490","2717.47179295"
"2024-11-02","69330","1047.12468684"
"2024-11-03","68738","1915.47157334"
"2024-11-04","67818","2538.34080221"
"2024-11-05","69386","2370.70518293"
"2024-11-06","75637","7732.00129394"
"2024-11-07","75921","3265.43357289"
"2024-11-08","76561","2466.52573117"
"2024-11-09","76722","837.82745419"
"2024-11-10","80425","2739.76560525"
"2024-11-11","88770","6695.15671543"
"2024-11-12","88031","8037.51453432"
"2024-11-13","90521","7338.0297277"
"2024-11-14","87333","3805.7616409"
"2024-11-15","91070","4491.15106913"
"2024-11-16","90608","1538.87717754"
"2024-11-17","89861","2016.09767635"
"2024-11-18","90512","4276.18821636"
"2024-11-19","92424","3884.88262437"
"2024-11-20","94373","9293.97029198"
"2024-11-21","98451","7280.76958238"
"2024-11-22","99013","4646.09454486"
"2024-11-23","97775","1719.12474462"
"2024-11-24","98007","1814.0075721"
"2024-11-25","93035","2969.54841533"
"2024-11-26","91928","3575.09743077"
"2024-11-27","95978","2999.13415798"
"2024-11-28","95661","2070.2707683"
"2024-11-29","97512","2410.84197795"
"2024-11-30","96441","646.22078077"
"2024-12-01","97291","884.6556605"
"2024-12-02","95859","3225.0210163"
"2024-12-03","95926","3484.90912488"
"2024-12-04","98773","4309.94473587"
"2024-12-05","97057","7450.45018748"
"2024-12-06","99898","2613.21105227"
"2024-12-07","99929","587.87674509"
"2024-12-08","101204","1073.32763391"
"2024-12-09","97468","2468.79283854"
"2024-12-10","96648","2092.49724122"
"2024-12-11","101201","2196.1813751"
"2024-12-12","100068","1393.19342191"
"2024-12-13","101435","1030.49421453"
"2024-12-14","101382","566.5366089"
"2024-12-15","104427","1369.98798554"
"2024-12-16","106073","2171.77263705"
"2024-12-17","106187","1405.93900566"
"2024-12-18","100153","2557.28814854"
"2024-12-19","97375","3425.5015449"
"2024-12-20","97760","2706.24143724"
"2024-12-21","97211","1740.04323929"
"2024-12-22","95098","2075.50874332"
"2024-12-23","94750","2428.60426472"
"2024-12-24","98596","1444.53568991"
"2024-12-25","99374","849.51224828"
"2024-12-26","95687","1501.36776618"
"2024-12-27","94168","2416.24232245"
"2024-12-28","95139","839.50518103"
"2024-12-29","93557","851.80554921"
"2024-12-30","92628","1841.04308392"
"2024-12-31","93381","1128.82793677"
"2025-01-01","94388","777.13942547"
"2025-01-02","96907","1219.19370744"
"2025-01-03","98133","1159.41909795"
"2025-01-04","98209","445.49130336"
"2025-01-05","98327","454.72019157"
"2025-01-06","102280","1742.61289193"
"2025-01-07","96946","1490.59996722"
"2025-01-08","95065","2081.0446275"
"2025-01-09","92542","1877.80058869"
"2025-01-10","94702","1798.96999215"
"2025-01-11","94568","639.87740098"
"2025-01-12","94497","570.97876662"
"2025-01-13","94505","2125.86232734"
"2025-01-14","96523","1477.80944326"
"2025-01-15","100512","1811.81706595"
"2025-01-16","99975","1817.77460574"
"2025-01-17","104119","3087.39708067"
"2025-01-18","104436","1306.42802809"
"2025-01-19","101237","2602.44233467"
"2025-01-20","102141","3921.86906882"
"2025-01-21","106149","3058.41033426"
"2025-01-22","103632","1713.55368827"
"2025-01-23","103933","3790.17304182"
"2025-01-24","104855","1725.23369955"
"2025-01-25","104738","735.89058503"
"2025-01-26","102573","798.34131897"
"2025-01-27","102090","3210.12625421"
"2025-01-28","101292","1721.67321227"
"2025-01-29","103747","1535.93165933"
"2025-01-30","104738","1543.13930195"
"2025-01-31","102412","2016.51235916"
"2025-02-01","100638","785.48911683"
"2025-02-02","97675","1747.97820698"
"2025-02-03","101457","4081.88402077"
"2025-02-04","97786","2068.16739103"
"2025-02-05","96614","1576.92222741"
"2025-02-06","96573","1723.92521071"
"2025-02-07","96535","1936.93167774"
"2025-02-08","96472","615.71243239"
"2025-02-09","96477","1008.66870716"
"2025-02-10","97469","994.10887876"
"2025-02-11","95754","1284.47141085"
"2025-02-12","97882","1476.47049215"
"2025-02-13","96627","857.75893529"
"2025-02-14","97520","1251.2726876"
"2025-02-15","97591","335.74480408"
"2025-02-16","96132","445.57381146"
"2025-02-17","95772","800.63807134"
"2025-02-18","95612","1415.52902397"
"2025-02-19","96642","1420.10472761"
"2025-02-20","98337","1681.57650135"
"2025-02-21","96131","2838.77561898"
"2025-02-22","96572","795.72262624"
"2025-02-23","96262","539.9144753"
"2025-02-24","91554","1692.14741385"
"2025-02-25","88576","4284.62546279"
"2025-02-26","84071","3118.75478282"
"2025-02-27","84639","2559.94908433"
"2025-02-28","84321","3567.36797341"
"2025-03-01","86033","1461.96601707"
"2025-03-02","94273","3153.02965002"
"2025-03-03","86160","2856.70424439"
"2025-03-04","87240","3206.20571035"
"2025-03-05","90611","1832.66540574"
"2025-03-06","89918","2169.68972472"
"2025-03-07","86759","3286.78015466"
"2025-03-08","86192","579.74911104"
"2025-03-09","80708","1710.17938787"
"2025-03-10","78561","2977.79268756"
"2025-03-11","82869","2656.56371178"
"2025-03-12","83620","2469.21846953"
"2025-03-13","81079","1830.00089168"
"2025-03-14","83975","1986.99511377"
"2025-03-15","84347","486.19010212"
"2025-03-16","82555","1178.20234353"
"2025-03-17","84058","1198.89639605"
"2025-03-18","82715","1290.21505333"
"2025-03-19","86868","1926.60953491"
"2025-03-20","84158","1877.13235545"
"2025-03-21","84061","1146.50782993"
"2025-03-22","83823","316.86484991"
"2025-03-23","86084","649.91397891"
"2025-03-24","87512","1888.33413141"
"2025-03-25","87436","2134.77215325"
"2025-03-26","86913","1552.95977276"
"2025-03-27","87219","1289.3728971"
"2025-03-28","84379","1392.33624956"
"2025-03-29","82608","745.3934536"
"2025-03-30","82359","840.38263469"
"2025-03-31","82538","1937.3372797"
"2025-04-01","85170","1504.00240153"
"2025-04-02","82502","2861.64666347"
"2025-04-03","83132","1777.45240819"
"2025-04-04","83851","2005.88282699"
"2025-04-05","83507","518.1818543"
"2025-04-06","78342","2165.48130222"
"2025-04-07","79127","4083.99710956"
"2025-04-08","76244","2245.5090104"
"2025-04-09","82595","4038.27621051"
"2025-04-10","79543","1564.07737754"
"2025-04-11","83384","1728.84098877"
"2025-04-12","85274","847.63757574"
"2025-04-13","83712","1210.92223051"
"2025-04-14","84583","1425.88175716"
"2025-04-15","83686","1162.91179825"
"2025-04-16","84046","1593.44839937"
"2025-04-17","84954","1119.58782405"
"2025-04-18","84468","323.24096242"
"2025-04-19","85069","631.49083813"
"2025-04-20","85198","462.80974618"
"2025-04-21","87505","2179.81586603"
"2025-04-22","93481","2859.469206"
"2025-04-23","93730","2423.4269158"
"2025-04-24","94010","1192.7081751"
"2025-04-25","94726","2287.68750103"
"2025-04-26","94662","518.68073079"
"2025-04-27","93769","582.20526798"
"2025-04-28","95041","1571.43868511"
"2025-04-29","94285","877.67378025"
"2025-04-30","94181","1384.2436258"
"2025-05-01","96535","1742.18663518"
"2025-05-02","96925","919.20772116"
"2025-05-03","95916","696.37418877"
"2025-05-04","94316","562.77317581"
"2025-05-05","94725","936.93369617"
"2025-05-06","96814","1074.63503655"
"2025-05-07","97054","1333.27237851"
"2025-05-08","103261","2303.46314389"
"2025-05-09","102991","1336.08590855"
"2025-05-10","104809","624.26506624"
"2025-05-11","104129","718.36832309"
"2025-05-12","102796","1914.47205431"
"2025-05-13","104135","1432.50405705"
"2025-05-14","103531","1171.49377037"
"2025-05-15","103793","1339.09330148"
"2025-05-16","103506","994.76037696"
"2025-05-17","103153","459.80988884"
"2025-05-18","106520","905.17939556"
"2025-05-19","105622","1677.9321234"
"2025-05-20","106855","1462.42485262"
"2025-05-21","109682","2430.79413683"
"2025-05-22","111743","1375.74025669"
"2025-05-23","107329","1588.22862639"
"2025-05-24","107799","577.06680579"
"2025-05-25","109068","908.97625311"
"2025-05-26","109468","736.73662452"
"2025-05-27","108980","1296.61250535"
"2025-05-28","107811","1079.82738975"
"2025-05-29","105578","1431.77890157"
"2025-05-30","104034","1224.11022278"
"2025-05-31","104646","483.31138627"
"2025-06-01","105705","648.06747831"
"2025-06-02","105905","941.7313758"
"2025-06-03","105454","924.42389243"
"2025-06-04","104745","791.94847355"
"2025-06-05","101559","1374.3295089"
"2025-06-06","104393","1474.94148302"
"2025-06-07","105619","613.87145578"
"2025-06-08","105792","353.13072588"
"2025-06-09","110307","1163.27877626"
"2025-06-10","110292","920.65276216"
"2025-06-11","108678","717.4883123"
"2025-06-12","105731","855.76506249"
"2025-06-13","106118","1268.16488329"
"2025-06-14","105464","516.90004886"
"2025-06-15","105617","487.58970132"
"2025-06-16","106829","932.05599039"
"2025-06-17","104584","1157.65258947"
"2025-06-18","104922","971.05031921"
"2025-06-19","104688","464.84582604"
"2025-06-20","103316","971.51619457"
"2025-06-21","102139","817.52134527"
"2025-06-22","101015","1366.05281274"
"2025-06-23","105464","1771.47809411"
"2025-06-24","106131","1158.17542632"
"2025-06-25","107418","1202.13073102"
"2025-06-26","107004","791.37974938"
"2025-06-27","107100","1286.60711501"
"2025-06-28","107348","204.99976689"
"2025-06-29","108384","526.42907649"
"2025-06-30","107179","809.671168"
"2025-07-01","105709","918.59180036"
"2025-07-02","108885","910.95167606"
"2025-07-03","109648","902.39480928"
"2025-07-04","108033","607.8822874"
"2025-07-05","108240","219.21691172"
"2025-07-06","109233","420.08244319"
"2025-07-07","108287","708.78251782"
"2025-07-08","108947","676.89664809"
"2025-07-09","111287","1206.49472676"
"2025-07-10","116031","1983.52144626"
"2025-07-11","117579","1872.27005924"
"2025-07-12","117464","657.61118852"
"2025-07-13","119135","699.60199797"
"2025-07-14","119879","2008.67990115"
"2025-07-15","117769","5844.5567311"
"2025-07-16","118718","1446.65793099"
"2025-07-17","119275","1630.82389973"
"2025-07-18","118022","1825.06401069"
"2025-07-19","117916","499.25171162"
"2025-07-20","117339","615.19846734"
"2025-07-21","117437","1334.501578"
"2025-07-22","120011","1298.08983461"
"2025-07-23","118813","980.23169548"
"2025-07-24","118347","1079.42129756"
"2025-07-25","117653","5661.93875187"
"2025-07-26","117962","618.43322749"
"2025-07-27","119469","579.57477524"
"2025-07-28","118051","1062.35423495"
"2025-07-29","117926","1161.32333055"
"2025-07-30","117834","1043.63562888"
"2025-07-31","115750","1022.71220262"
"2025-08-01","113243","2329.78743891"
"2025-08-02","112522","1093.67089437"
"2025-08-03","114226","757.70817537"
"2025-08-04","115051","933.27650923"
"2025-08-05","114133","941.80637472"
"2025-08-06","115030","1202.63711783"
"2025-08-07","117515","1447.58301804"
"2025-08-08","116675","1599.13538797"
"2025-08-09","116495","985.99079289"
"2025-08-10","119310","1018.22600871"
"2025-08-11","118712","2061.10609204"
"2025-08-12","120107","1834.33264903"
"2025-08-13","123360","2624.51093464"
"2025-08-14","118394","2568.14323965"
"2025-08-15","117446","1480.94500475"
"2025-08-16","117460","818.55779223"
"2025-08-17","117490","822.50240192"
"2025-08-18","116265","1938.43650897"
"2025-08-19","112870","1676.74821297"
"2025-08-20","114263","2261.15590441"
"2025-08-21","112472","1865.84099631"
"2025-08-22","116891","2747.02375092"
"2025-08-23","115392","1011.7640787"
"2025-08-24","113478","1706.85921657"
"2025-08-25","110136","2458.05879872"
"2025-08-26","111788","1921.06840005"
"2025-08-27","111273","1115.69227815"
"2025-08-28","112581","1313.36312523"
"2025-08-29","108362","1977.32412474"
"2025-08-30","108827","790.83013066"
"2025-08-31","108269","747.36779711"
"2025-09-01","109244","1584.06180608"
"2025-09-02","111238","2118.59829056"
"2025-09-03","111759","2089.17921268"
"2025-09-04","110747","1931.55865495"
"2025-09-05","110669","2214.24201717"
"2025-09-06","110223","753.36082686"
"2025-09-07","111144","1147.75813028"
"2025-09-08","112098","1382.32507241"
"2025-09-09","111531","1444.08044039"
"2025-09-10","113988","1623.88652527"
"2025-09-11","115533","1488.7439821"
"2025-09-12","116108","2158.42031268"
"2025-09-13","115981","637.92000888"
"2025-09-14","115342","709.05249747"
"2025-09-15","115387","1496.61808415"
"2025-09-16","116837","1255.43431844"
"2025-09-17","116477","2153.84805045"
"2025-09-18","117125","2093.19820754"
"2025-09-19","115702","1802.70990238"
"2025-09-20","115759","1111.98890244"
"2025-09-21","115292","789.19772796"
"2025-09-22","112741","1951.76217647"
"2025-09-23","112025","1468.03878727"
"2025-09-24","113339","1320.90667792"
"2025-09-25","109021","2615.57202808"
"2025-09-26","109696","1849.1098284"
"2025-09-27","109679","475.39719794"
"2025-09-28","112203","789.14477935"
"2025-09-29","114379","1866.13986072"
"2025-09-30","114065","1873.80348877"
"2025-10-01","118668","2297.03276139"
"2025-10-02","120612","2079.67690093"
"2025-10-03","122308","3097.07232266"
"2025-10-04","122441","628.47218404"
"2025-10-05","123519","1675.31764003"
"2025-10-06","124728","2416.9019815"
"2025-10-07","121395","2470.10489687"
"2025-10-08","123345","2511.13170614"
"2025-10-09","121695","2339.50892075"
"2025-10-10","112996","4713.81894506"
"2025-10-11","110764","2954.91390717"
"2025-10-12","115090","2969.34386191"
"2025-10-13","115265","1947.58068078"
"2025-10-14","113078","2253.66732902"
"2025-10-15","110804","2023.01367329"
"2025-10-16","108206","3004.36833057"
"2025-10-17","106476","4616.53928421"
"2025-10-18","107220","852.54214319"
"2025-10-19","108684","2023.09215463"
"2025-10-20","110580","2416.65967333"
"2025-10-21","108372","4329.34460736"
"2025-10-22","107595","2975.12108444"
"2025-10-23","110111","1735.25029935"
"2025-10-24","111039","1412.66498963"
"2025-10-25","111668","461.82280861"
"2025-10-26","114551","953.31627049"
"2025-10-27","114101","1510.78251849"
"2025-10-28","112925","1398.6106738"
"2025-10-29","110038","1666.55640703"
"2025-10-30","108306","2489.03576718"
"2025-10-31","109554","1789.04697521"
"2025-11-01","110047","566.13804885"
"2025-11-02","110530","971.54551341"
"2025-11-03","106548","2920.15812883"
"2025-11-04","101466","5333.62771462"
"2025-11-05","103865","2852.19774457"
"2025-11-06","101284","2708.20760477"
"2025-11-07","103275","2790.81081749"
"2025-11-08","102286","1224.83513732"
"2025-11-09","104705","1718.06176241"
"2025-11-10","105972","1858.36284442"
"2025-11-11","103015","1836.8384477"
"2025-11-12","101635","1780.49932854"
"2025-11-13","99618","3403.60227589"
"2025-11-14","94509","6242.59326859"
"2025-11-15","95539","1766.66154855"
"2025-11-16","94187","2865.93071437"
"2025-11-17","92102","4149.83016963"
"2025-11-18","92911","4742.04243662"
"2025-11-19","91474","3769.12562257"
"2025-11-20","86527","5180.9142115"
"2025-11-21","85060","8467.35355799"
"2025-11-22","84679","2384.78905136"
"2025-11-23","86803","2773.78769575"
"2025-11-24","88277","4092.88381218"
"2025-11-25","87331","2871.1718489"
"2025-11-26","90477","2971.04093074"
"2025-11-27","91325","1908.75344376"
"2025-11-28","90913","2305.99037956"
"2025-11-29","90832","681.59946371"
"2025-11-30","90382","1020.91842738"
"2025-12-01","86291","4297.0003516"
"2025-12-02","91300","4590.27780876"
"2025-12-03","93472","4462.81522934"
"2025-12-04","92103","2700.62528856"
"2025-12-05","89348","3068.81366007"
"2025-12-06","89249","1058.7437302"
"2025-12-07","90405","2387.94536185"
"2025-12-08","90649","3033.70925459"
"2025-12-09","92695","3420.15950535"
"2025-12-10","92036","3493.06940422"
"2025-12-11","92531","3855.94833075"
"2025-12-12","90275","2653.35034927"
"2025-12-13","90264","588.9306767"
"2025-12-14","88164","2245.28512647"
"2025-12-15","86412","3042.86671686"
"2025-12-16","87843","2848.88747564"
"2025-12-17","86215","3340.00609663"
"2025-12-18","85460","3975.60917787"
"2025-12-19","88095","3013.6629094"
"2025-12-20","88324","593.71520281"
"2025-12-21","88636","1067.66979397"
"2025-12-22","88539","3033.70931489"
"2025-12-23","87423","2425.45718247"
"2025-12-24","87605","1586.51838352"
"2025-12-25","87172","1026.06124365"
"2025-12-26","87296","1995.30168019"
"2025-12-27","87810","482.15727159"
"2025-12-28","87870","559.35879313"
"2025-12-29","87119","2713.91365162"
"2025-12-30","88390","1997.61555935"
"2025-12-31","87496","1905.50552287"
"2026-01-01","88728","1395.46879155"
"2026-01-02","89952","3580.71314243"
"2026-01-03","90590","830.75213082"
"2026-01-04","91501","1249.27665922"
"2026-01-05","93876","3369.25944401"
"2026-01-06","93712","2746.410348"
"2026-01-07","91273","2544.89091077"
"2026-01-08","91031","3047.61486403"
"2026-01-09","90510","2812.731608"
"2026-01-10","90382","416.98576685"
"2026-01-11","90872","856.51847229"
"2026-01-12","91195","2412.5772724"
"2026-01-13","95366","4730.60046022"
"2026-01-14","96942","5227.41310032"
"2026-01-15","95577","2812.14817177"
"2026-01-16","95521","1782.92777503"
"2026-01-17","95113","471.76539206"
"2026-01-18","93636","918.99519084"
"2026-01-19","92560","1871.62721794"
"2026-01-20","88316","4353.6405891"
"2026-01-21","89374","4896.02575856"
"2026-01-22","89464","2031.68926269"
"2026-01-23","89493","2347.64120002"
"2026-01-24","89089","472.12028436"
"2026-01-25","86567","1952.93731653"
"2026-01-26","88247","2317.09931351"
"2026-01-27","89135","2324.46278911"
"2026-01-28","89168","2234.89028223"
"2026-01-29","84530","3681.40597733"
"2026-01-30","84130","5197.26894551"
"2026-01-31","78635","5126.14877716"
"2026-02-01","76888","3780.29100762"
"2026-02-02","78666","5904.57069753"
"2026-02-03","75662","6491.42242041"
"2026-02-04","73000","6664.20590605"
"2026-02-05","62795","12980.44506677"
"2026-02-06","70531","12389.36347229"
"2026-02-07","69246","5313.40541323"
"2026-02-08","70283","3209.084422"
"2026-02-09","70094","4251.33624282"
"2026-02-10","68802","4052.50039834"
"2026-02-11","67053","6069.91114912"
"2026-02-12","66207","3577.43834177"
"2026-02-13","68812","3679.26812952"
"2026-02-14","69791","1855.0088025"
"2026-02-15","68792","2583.79100836"
"2026-02-16","68867","2561.43683283"
"2026-02-17","67468","3173.29499982"
"2026-02-18","66425","3269.12137366"
"2026-02-19","66973","2883.19175749"
"2026-02-20","67992","4286.2528682"
"2026-02-21","67966","1421.65471687"
"2026-02-22","67612","1206.46701391"
"2026-02-23","64630","5280.3221423"
"2026-02-24","64059","4165.22296831"
"2026-02-25","67994","6032.18559863"
"2026-02-26","67488","3855.80807448"
"2026-02-27","65868","4056.20640648"
"2026-02-28","66985","5941.59308309"
"2026-03-01","65771","4640.41251723"
"2026-03-02","68821","6481.12468127"
"2026-03-03","68336","5194.30176765"
"2026-03-04","72691","6743.89222058"
"2026-03-05","70896","4548.71307503"
"2026-03-06","68114","3520.23830882"
"2026-03-07","67269","1602.73980283"
"2026-03-08","65975","2829.70777868"
"2026-03-09","68453","4665.57773266"
"2026-03-10","69963","5202.71519204"
"2026-03-11","70196","4649.31092584"
"2026-03-12","70529","4885.75029631"
"2026-03-13","70949","4593.78432038"
"2026-03-14","71218","1520.25473636"
"2026-03-15","72831","2292.61546545"
"2026-03-16","74876","3772.15166866"
"2026-03-17","73928","3923.49624615"
"2026-03-18","71259","3059.47018424"
"2026-03-19","69921","3381.21580722"
"2026-03-20","70502","2786.90640315"
"2026-03-21","68910","1361.20269127"
"2026-03-22","67860","2109.6159151"
"2026-03-23","70883","3654.99346849"
"2026-03-24","70519","3323.54868049"
"2026-03-25","71301","2612.72355105"
"2026-03-26","68779","3000.04397195"
"2026-03-27","66359","3005.97680194"
"2026-03-28","66321","869.91978741"
"2026-03-29","65954","1293.83955401"
"2026-03-30","66731","2769.150905"
"2026-03-31","68215","2152.37368471"
"2026-04-01","68102","2176.81429582"
"2026-04-02","66890","1629.62243304"
"2026-04-03","66944","799.7654875"
"2026-04-04","67290","407.12820026"
"2026-04-05","68999","645.41692971"
"2026-04-06","68857","1269.73380382"
"2026-04-07","71940","1555.8436309"
"2026-04-08","71110","1681.53724973"
"2026-04-09","71812","1764.99624298"
"2026-04-10","72980","2356.29877946"
"2026-04-11","73071","760.05196907"
"2026-04-12","70746","953.31624651"
"2026-04-13","74447","3621.422576"
"2026-04-14","74184","4058.73780895"
"2026-04-15","74818","824.24583731"
"2026-04-16","75178","1166.08154755"
"2026-04-17","77108","2558.4395203"
"2026-04-18","75737","576.88981552"
"2026-04-19","73825","794.50078642"
"2026-04-20","75870","812.61140257"
"2026-04-21","76345","1106.67718991"
"2026-04-22","78208","1500.95939972"
"2026-04-23","78269","928.43606242"
"2026-04-24","77466","861.89309297"
"2026-04-25","77639","273.88400022"
"2026-04-26","78660","608.62901057"
"2026-04-27","77373","886.75879861"
"2026-04-28","76323","931.62772644"
"2026-04-29","75745","1208.06442879"
"2026-04-30","76310","584.61885651"
"2026-05-01","78232","829.68234395"
"2026-05-02","78690","360.45077711"
"2026-05-03","78565","447.91420445"
"2026-05-04","79844","1590.76805531"
"2026-05-05","80913","1256.8049875"
"2026-05-06","81447","974.73027712"
"2026-05-07","80017","1030.93447403"
"2026-05-08","80199","861.34554464"
"2026-05-09","80665","260.35013444"
"2026-05-10","82193","509.08425565"
"2026-05-11","81736","1098.10551499"
"2026-05-12","80491","1020.45687485"
"2026-05-13","79284","1405.79319836"
"2026-05-14","81075","2920.28181374"
"2026-05-15","79062","1056.97680617"
"2026-05-16","78118","443.01524369"
"2026-05-17","77412","469.14631985"
"2026-05-18","76949","1128.06007716"
"2026-05-19","76757","550.76924548"
"2026-05-20","77470.5","723.02197773"
"2026-05-21","77549","0.707446"
"2026-05-23","76655.99","967.2323223"
"2026-05-24","76974.88","496.89495019"
"2026-05-25","77254.92","518.69582604"
"2026-05-26","75820.94","1137.32088336"
"2026-05-27","74330.48","881.66520786"
"2026-05-28","73519.16","1415.43760493"
"2026-05-29","73373.29","968.72667883"
"2026-05-30","73762.15","357.56268745"
"2026-05-31","73567.99","421.37448096"
"2026-06-01","71313.86","1811.51510088"
"2026-06-02","66668.6","3062.12034726"
"2026-06-03","64045.64","2990.47757587"
"2026-06-04","63814.8","5828.84132012"
"2026-06-05","61042.14","5485.96092016"
"2026-06-06","60858.64","1210.53410993"
"2026-06-07","63315.72","1423.34858338"
"2026-06-08","63061.78","2143.33985315"
"2026-06-09","61685.44","2619.16979905"
"2026-06-10","61456.49","2140.36256101"
"2026-06-11","63558.21","1556.8794791"
"2026-06-12","63531.04","1263.51892611"
"2026-06-13","64440","561.3925642"
"2026-06-14","65712.5","779.26765605"
"2026-06-15","66282.05","1590.05635192"
"2026-06-16","65612.86","1296.44629285"
"2026-06-17","64443.27","1568.8341234"
"2026-06-18","62889.92","1547.3288398"
"2026-06-19","63487.34","918.36907249"
"2026-06-20","64245.72","610.71977158"
"2026-06-21","63237.18","551.09674747"
"2026-06-22","63948.96","1437.39073712"
"2026-06-23","62651.43","1351.74022349"
"2026-06-24","60987","2180.37620984"
"2026-06-25","59696.26","2130.48721866"
"2026-06-26","60019.38","2185.00058617"
"2026-06-27","59940.07","508.53190375"
"2026-06-28","59473.29","634.06945764"
"2026-06-29","60163.86","1820.9079122"
"2026-06-30","58526.17","1527.12409907"
"2026-07-01","59963.46","1390.17261075"
"2026-07-02","61479.1","1886.84255097"
"2026-07-03","62522.46","1067.97160731"
"2026-07-04","63086.18","606.07859629"
"2026-07-05","63587.06","590.31403493"
"2026-07-06","64000.1","1497.89511585"
"2026-07-07","63311.3","1305.02995553"
"2026-07-08","62237.84","902.04205645"
"2026-07-09","63185.92","879.06661154"
"2026-07-10","64114.25","989.8820577"
"2026-07-11","63780.01","373.71337011"
"2026-07-12","63743.46","358.98577813"
"2026-07-13","62256.81","1038.09649603"
"2026-07-14","64975.72","1066.83456731"
"2026-07-15","64713.83","1005.03285047"
"2026-07-16","63788.02","795.59627502"
"2026-07-17","63891.98","1173.51036409"
"2026-07-18","64792.35","387.44873134"
"2026-07-19","64681.58","480.10924279"
"2026-07-20","65212.6","1506.90189803"
"2026-07-21","66518.68","1289.11475833"
"2026-07-22","66082.49","984.25922288"
"2026-07-23","65050.48","1131.52154987"
"2026-07-24","64086.59","916.37917245"
"2026-07-25","64307.9","351.44623629"
"2026-07-26","65338.88","395.9190576"
"2026-07-27","63697.72","1022.46271431"
"2026-07-28","63850.53","1034.53000264"
"2026-07-29","63894.39","1199.20177592"
"2026-07-30","64716.76","1195.48420629"
"2026-07-31","62817.96","1235.25524562"
"2026-08-01","62759.82","445.31419101"
"2026-08-02","63499.99","485.53607284"
"2026-08-03","63460.01","924.01565811"
"2026-08-04","64056.48","1012.02481152"
"2026-08-05","64600.22","1116.54614458"
"2026-08-06","64255.55","1131.9035155"
"2026-08-07","64877.77","1964.13539171"
"2026-08-08","64908.72","520.80456173"
"2026-08-09","64857.27","628.89456178"
"2026-08-10","63911.16","1480.54318461"
"2026-08-11","63542.82","1378.44718852"
"2026-08-12","63406.33","1617.70676449"
"2026-08-13","63418.04","1675.84013733"
"2026-08-14","62975.97","1244.0348531"
"2026-08-15","63025.94","318.97333488"
"2026-08-16","62831.66","534.53133128"
"2026-08-17","64484.76","2083.29342512"
"2026-08-18","64686.09","1663.10641737"
"2026-08-19","69297.78","4829.36084086"
"2026-08-20","73007.7","4199.95886284"
"2026-08-21","78325.11","6239.29952159"
"2026-08-22","77065.64","1540.63267264"
"2026-08-23","77716.48","1541.9838493"
"2026-08-24","78986.06","2794.80659801"
"2026-08-25","78534.93","2638.50124393"
"2026-08-26","79022.66","1508.94193139"
"2026-08-27","80278.98","3073.12963145"
"2026-08-28","77835.18","3147.57326254"
"2026-08-29","78235.02","809.27102639"
"2026-08-30","77701.7","1401.20396097"
"2026-08-31","78571.17","2264.23417349"
"2026-09-01","77397.43","2851.04332419"
"2026-09-02","77301.83","1643.47814236"
"2026-09-03","81265","2498.55416454"
"2026-09-04","79676.6","2226.87926884"
"2026-09-05","79830.42","552.2301498"
"2026-09-06","80338.98","746.1705314"
"2026-09-07","79090.41","1253.60427642"
"2026-09-08","78449","1607.0465247"
"2026-09-09","78281.65","1787.66218132"
"2026-09-10","76528.75","1622.87031798"
"2026-09-11","77212.48","2773.54564116"
"2026-09-12","77269.22","499.05342596"
"2026-09-13","76808.69","981.62415399"
"2026-09-14","78185.01","2451.20669841"
"2026-09-15","75577.29","2966.54321896"
"2026-09-16","76138.6","1683.17477769"
"2026-09-17","76354.94","1420.05650508"
"2026-09-18","80878.77","2129.79425665"
"2026-09-19","81235.14","1047.02886333"
"2026-09-20","81151.65","849.32563024"
"2026-09-21","86586.52","3037.52099851"
"2026-09-22","86201.35","2202.56160068"
"2026-09-23","84384.54","1502.69933501"
"2026-09-24","84383.03","1717.78144649"
"2026-09-25","84089.54","1580.67563698"
"2026-09-26","84433.05","563.48488566"
"2026-09-27","84457.2","753.87301086"
"2026-09-28","83461.65","1812.67242254"
"2026-09-29","83629.41","1350.22732623"
"2026-09-30","83562.58","1819.3606102"
"2026-10-01","84852.65","1410.05930015"
"2026-10-02","84500.84","1967.87867971"
"2026-10-03","84746.87","454.3093179"
"2026-10-04","86510.16","748.65395358"
